-1,19/07/2008 11:55
-1,19/07/2008 12:32
1,19/07/2008 13:17
-1,19/07/2008 14:43
-1,19/07/2008 15:22
-1,19/07/2008 17:53
-1,19/07/2008 19:44
-1,19/07/2008 19:45
-1,19/07/2008 20:24
-1,19/07/2008 21:35
1,19/07/2008 21:57
1,19/07/2008 22:52
-1,20/07/2008 03:35
-1,21/07/2008 08:21
1,21/07/2008 11:53
-1,22/07/2008 00:03
-1,22/07/2008 02:59
-1,22/07/2008 08:41
-1,22/07/2008 11:47
-1,22/07/2008 14:00
-1,22/07/2008 15:30
-1,23/07/2008 05:15
-1,23/07/2008 19:22
1,25/07/2008 15:23
-1,27/07/2008 04:18
-1,27/07/2008 09:37
-1,27/07/2008 11:10
-1,27/07/2008 15:46
-1,27/07/2008 16:06
-1,27/07/2008 16:49
-1,27/07/2008 20:24
-1,27/07/2008 22:28
-1,27/07/2008 22:28
-1,27/07/2008 23:14
-1,28/07/2008 03:31
-1,28/07/2008 03:48
-1,28/07/2008 04:37
-1,28/07/2008 05:36
1,28/07/2008 06:45
-1,28/07/2008 08:36
1,28/07/2008 15:11
-1,28/07/2008 23:57
-1,29/07/2008 04:08
-1,29/07/2008 05:16
-1,29/07/2008 06:19
1,29/07/2008 08:23
-1,29/07/2008 11:47
-1,29/07/2008 15:41
1,29/07/2008 15:49
1,29/07/2008 17:05
1,29/07/2008 18:08
-1,29/07/2008 21:07
-1,29/07/2008 23:14
-1,29/07/2008 23:19
-1,30/07/2008 06:30
-1,30/07/2008 07:08
-1,30/07/2008 12:02
1,30/07/2008 12:29
1,30/07/2008 21:16
-1,31/07/2008 13:57
-1,31/07/2008 15:36
-1,31/07/2008 17:07
1,31/07/2008 20:18
-1,01/08/2008 02:02
1,01/08/2008 05:52
-1,01/08/2008 10:20
-1,01/08/2008 10:26
-1,01/08/2008 11:28
-1,01/08/2008 12:29
-1,01/08/2008 14:07
-1,01/08/2008 15:10
-1,02/08/2008 03:39
-1,03/08/2008 13:09
-1,03/08/2008 14:06
-1,03/08/2008 14:25
-1,03/08/2008 15:03
-1,03/08/2008 15:27
-1,03/08/2008 16:00
-1,03/08/2008 17:00
-1,03/08/2008 17:58
-1,03/08/2008 20:23
-1,03/08/2008 22:52
1,04/08/2008 00:39
-1,04/08/2008 03:45
-1,04/08/2008 03:49
-1,04/08/2008 13:19
-1,04/08/2008 14:04
-1,04/08/2008 14:31
-1,04/08/2008 15:29
-1,04/08/2008 16:15
-1,04/08/2008 16:31
-1,04/08/2008 17:11
-1,04/08/2008 17:46
-1,04/08/2008 18:24
-1,04/08/2008 19:58
-1,04/08/2008 20:32
1,04/08/2008 20:58
-1,04/08/2008 21:43
-1,04/08/2008 22:51
-1,04/08/2008 23:33
-1,05/08/2008 00:04
-1,05/08/2008 01:12
-1,05/08/2008 02:15
-1,05/08/2008 02:36
-1,05/08/2008 02:45
-1,05/08/2008 03:17
-1,05/08/2008 03:36
-1,05/08/2008 03:54
-1,05/08/2008 04:32
-1,05/08/2008 04:35
-1,05/08/2008 05:11
-1,05/08/2008 06:10
-1,05/08/2008 06:11
-1,05/08/2008 06:21
-1,05/08/2008 07:12
1,05/08/2008 07:12
-1,05/08/2008 07:48
-1,05/08/2008 08:50
-1,05/08/2008 09:48
-1,05/08/2008 14:17
-1,05/08/2008 14:45
-1,05/08/2008 15:45
-1,05/08/2008 20:04
-1,05/08/2008 21:07
-1,05/08/2008 21:22
-1,05/08/2008 23:02
-1,05/08/2008 23:06
-1,05/08/2008 23:38
-1,06/08/2008 00:04
-1,06/08/2008 02:20
-1,06/08/2008 03:22
1,06/08/2008 05:40
-1,06/08/2008 09:56
-1,06/08/2008 09:57
-1,06/08/2008 12:33
-1,06/08/2008 13:35
-1,06/08/2008 17:35
-1,06/08/2008 18:00
-1,06/08/2008 18:34
-1,06/08/2008 19:13
-1,06/08/2008 19:24
-1,06/08/2008 20:00
-1,06/08/2008 20:17
-1,06/08/2008 21:15
-1,06/08/2008 22:27
-1,06/08/2008 23:40
-1,06/08/2008 23:45
-1,07/08/2008 00:51
-1,07/08/2008 07:30
-1,07/08/2008 08:21
-1,07/08/2008 08:45
-1,07/08/2008 08:55
-1,07/08/2008 10:12
-1,07/08/2008 11:10
1,07/08/2008 11:40
-1,08/08/2008 04:55
-1,08/08/2008 07:26
1,08/08/2008 08:44
1,08/08/2008 12:37
-1,08/08/2008 20:21
-1,08/08/2008 21:22
-1,08/08/2008 21:53
-1,08/08/2008 22:06
-1,08/08/2008 22:25
-1,09/08/2008 02:15
-1,09/08/2008 02:37
-1,09/08/2008 06:05
1,09/08/2008 09:16
-1,09/08/2008 09:22
1,09/08/2008 11:42
-1,09/08/2008 17:34
-1,09/08/2008 19:03
-1,09/08/2008 20:04
-1,09/08/2008 21:07
-1,09/08/2008 22:15
-1,09/08/2008 22:37
-1,09/08/2008 23:17
-1,09/08/2008 23:34
-1,10/08/2008 00:09
-1,10/08/2008 00:46
1,10/08/2008 06:00
-1,10/08/2008 06:41
1,10/08/2008 07:01
-1,10/08/2008 11:16
-1,10/08/2008 11:49
-1,10/08/2008 12:22
1,10/08/2008 15:59
-1,10/08/2008 19:07
1,10/08/2008 20:07
1,10/08/2008 22:26
-1,11/08/2008 03:06
-1,11/08/2008 04:09
-1,11/08/2008 05:15
-1,11/08/2008 11:35
-1,11/08/2008 12:38
-1,12/08/2008 04:23
-1,12/08/2008 06:16
-1,12/08/2008 10:54
-1,12/08/2008 11:29
-1,12/08/2008 12:04
-1,13/08/2008 02:48
-1,15/08/2008 03:26
-1,15/08/2008 04:14
-1,15/08/2008 05:13
-1,15/08/2008 09:38
-1,15/08/2008 10:14
-1,15/08/2008 11:42
-1,15/08/2008 18:19
-1,15/08/2008 19:19
-1,15/08/2008 20:00
-1,15/08/2008 20:03
-1,15/08/2008 23:31
-1,16/08/2008 02:21
-1,16/08/2008 05:47
-1,16/08/2008 06:52
-1,16/08/2008 07:33
-1,16/08/2008 08:39
-1,16/08/2008 08:41
1,16/08/2008 09:44
-1,16/08/2008 13:51
-1,16/08/2008 14:30
-1,16/08/2008 15:16
1,16/08/2008 15:19
-1,16/08/2008 23:48
-1,17/08/2008 00:52
-1,17/08/2008 01:53
-1,17/08/2008 03:17
-1,17/08/2008 03:18
-1,17/08/2008 03:46
-1,17/08/2008 04:19
-1,17/08/2008 05:21
1,17/08/2008 12:16
-1,17/08/2008 13:34
-1,17/08/2008 14:21
-1,17/08/2008 15:25
1,17/08/2008 21:26
1,17/08/2008 22:03
-1,17/08/2008 22:21
1,17/08/2008 23:04
-1,17/08/2008 23:20
1,17/08/2008 23:55
1,18/08/2008 00:02
-1,18/08/2008 00:20
1,18/08/2008 01:23
1,18/08/2008 04:01
-1,18/08/2008 04:12
-1,18/08/2008 04:35
-1,18/08/2008 05:03
-1,18/08/2008 05:25
-1,18/08/2008 06:07
-1,18/08/2008 06:11
-1,18/08/2008 06:26
-1,18/08/2008 07:11
-1,18/08/2008 07:23
-1,18/08/2008 07:29
-1,18/08/2008 08:18
-1,18/08/2008 08:31
-1,18/08/2008 10:13
-1,18/08/2008 11:04
-1,18/08/2008 12:00
-1,18/08/2008 12:06
-1,18/08/2008 12:22
-1,18/08/2008 12:49
-1,18/08/2008 13:07
-1,18/08/2008 14:01
-1,18/08/2008 14:04
-1,18/08/2008 14:45
-1,18/08/2008 15:00
-1,18/08/2008 15:26
-1,18/08/2008 15:30
-1,18/08/2008 15:33
-1,18/08/2008 15:41
-1,18/08/2008 16:19
1,18/08/2008 17:13
-1,18/08/2008 17:16
-1,18/08/2008 17:37
-1,18/08/2008 19:24
1,18/08/2008 19:54
-1,18/08/2008 23:00
-1,18/08/2008 23:03
-1,18/08/2008 23:47
-1,19/08/2008 01:10
1,19/08/2008 03:59
-1,19/08/2008 04:58
-1,19/08/2008 05:09
-1,19/08/2008 05:11
-1,19/08/2008 05:11
-1,19/08/2008 05:40
-1,19/08/2008 05:41
-1,19/08/2008 05:53
-1,19/08/2008 05:54
1,19/08/2008 05:56
-1,19/08/2008 06:24
-1,19/08/2008 07:43
1,19/08/2008 07:58
-1,19/08/2008 08:01
-1,19/08/2008 08:07
-1,19/08/2008 08:33
-1,19/08/2008 09:04
-1,19/08/2008 09:05
-1,19/08/2008 10:46
-1,19/08/2008 11:11
-1,19/08/2008 11:13
-1,19/08/2008 11:13
-1,19/08/2008 11:28
-1,19/08/2008 11:44
-1,19/08/2008 11:46
-1,19/08/2008 11:57
-1,19/08/2008 11:58
-1,19/08/2008 12:30
-1,19/08/2008 15:33
-1,19/08/2008 18:12
-1,19/08/2008 18:12
-1,19/08/2008 18:30
-1,19/08/2008 18:30
-1,19/08/2008 19:38
-1,19/08/2008 20:53
-1,20/08/2008 00:05
-1,20/08/2008 01:33
-1,20/08/2008 01:42
-1,20/08/2008 02:13
1,20/08/2008 02:27
-1,20/08/2008 03:00
1,20/08/2008 03:12
-1,20/08/2008 06:36
-1,20/08/2008 07:12
1,20/08/2008 08:40
1,20/08/2008 09:17
-1,20/08/2008 10:26
-1,20/08/2008 16:08
-1,20/08/2008 16:16
-1,20/08/2008 17:09
-1,20/08/2008 17:35
-1,20/08/2008 17:36
-1,20/08/2008 18:29
-1,20/08/2008 18:35
1,20/08/2008 19:20
-1,20/08/2008 20:19
-1,20/08/2008 21:33
-1,20/08/2008 21:41
-1,20/08/2008 21:58
-1,20/08/2008 22:13
-1,20/08/2008 22:45
-1,20/08/2008 23:18
1,20/08/2008 23:43
-1,21/08/2008 02:11
-1,21/08/2008 02:46
-1,21/08/2008 04:22
-1,21/08/2008 04:29
-1,21/08/2008 05:06
-1,21/08/2008 05:15
1,21/08/2008 06:10
-1,21/08/2008 11:22
-1,21/08/2008 12:00
-1,21/08/2008 12:31
-1,21/08/2008 12:33
-1,21/08/2008 12:43
-1,21/08/2008 12:52
-1,21/08/2008 13:11
-1,21/08/2008 13:19
-1,21/08/2008 13:29
-1,21/08/2008 13:45
-1,21/08/2008 14:47
-1,21/08/2008 15:05
-1,21/08/2008 15:06
-1,21/08/2008 15:32
-1,21/08/2008 15:48
-1,21/08/2008 15:50
1,21/08/2008 16:19
-1,21/08/2008 16:36
-1,21/08/2008 17:25
-1,21/08/2008 17:44
-1,21/08/2008 18:04
1,21/08/2008 18:05
-1,21/08/2008 18:39
-1,21/08/2008 18:53
-1,21/08/2008 19:12
-1,21/08/2008 19:12
-1,21/08/2008 19:46
-1,21/08/2008 20:19
-1,21/08/2008 20:21
-1,21/08/2008 20:37
-1,21/08/2008 21:32
-1,21/08/2008 22:25
-1,21/08/2008 22:41
-1,21/08/2008 23:08
-1,21/08/2008 23:27
-1,21/08/2008 23:53
-1,21/08/2008 23:57
-1,22/08/2008 00:43
-1,22/08/2008 00:44
-1,22/08/2008 00:47
1,22/08/2008 01:04
-1,22/08/2008 01:26
-1,22/08/2008 01:27
-1,22/08/2008 01:54
-1,22/08/2008 02:01
-1,22/08/2008 02:25
-1,22/08/2008 02:52
-1,22/08/2008 03:18
-1,22/08/2008 03:58
-1,22/08/2008 04:40
-1,22/08/2008 04:57
-1,22/08/2008 05:21
-1,22/08/2008 05:31
-1,22/08/2008 05:32
1,22/08/2008 06:00
-1,22/08/2008 07:04
-1,22/08/2008 07:17
-1,22/08/2008 07:27
-1,22/08/2008 09:29
-1,22/08/2008 09:29
-1,22/08/2008 10:01
-1,22/08/2008 10:18
-1,22/08/2008 10:47
-1,22/08/2008 11:32
-1,22/08/2008 12:13
-1,22/08/2008 12:37
-1,22/08/2008 12:42
-1,22/08/2008 13:22
-1,22/08/2008 14:45
-1,22/08/2008 15:25
-1,22/08/2008 15:39
-1,22/08/2008 15:54
1,22/08/2008 19:14
-1,22/08/2008 23:46
-1,22/08/2008 23:47
-1,22/08/2008 23:49
-1,22/08/2008 23:56
-1,23/08/2008 02:04
-1,23/08/2008 03:26
-1,23/08/2008 04:50
-1,23/08/2008 04:52
-1,23/08/2008 05:57
-1,23/08/2008 05:57
-1,23/08/2008 05:58
-1,23/08/2008 05:58
-1,23/08/2008 09:24
-1,23/08/2008 12:58
-1,23/08/2008 13:02
-1,23/08/2008 15:10
1,23/08/2008 15:29
-1,24/08/2008 02:32
-1,24/08/2008 04:00
-1,24/08/2008 07:12
-1,24/08/2008 07:14
-1,24/08/2008 10:09
-1,24/08/2008 10:14
1,24/08/2008 13:03
-1,25/08/2008 09:29
-1,27/08/2008 00:46
-1,27/08/2008 11:38
-1,27/08/2008 12:22
-1,27/08/2008 13:35
-1,27/08/2008 14:18
-1,27/08/2008 17:14
-1,27/08/2008 22:48
-1,27/08/2008 22:58
-1,28/08/2008 03:03
-1,28/08/2008 03:04
-1,28/08/2008 03:29
-1,28/08/2008 03:38
-1,28/08/2008 03:45
-1,28/08/2008 04:10
-1,28/08/2008 04:20
-1,28/08/2008 04:54
-1,28/08/2008 05:00
-1,28/08/2008 06:15
-1,28/08/2008 06:39
-1,28/08/2008 06:56
-1,28/08/2008 07:40
-1,28/08/2008 07:51
-1,28/08/2008 08:41
-1,28/08/2008 09:46
-1,28/08/2008 09:49
-1,28/08/2008 10:15
-1,28/08/2008 10:28
-1,28/08/2008 10:32
-1,28/08/2008 11:19
-1,28/08/2008 12:44
-1,28/08/2008 14:48
-1,28/08/2008 15:19
-1,28/08/2008 16:01
-1,28/08/2008 16:43
-1,28/08/2008 16:52
-1,28/08/2008 17:21
-1,28/08/2008 17:27
-1,28/08/2008 17:32
-1,28/08/2008 18:05
-1,28/08/2008 18:10
-1,28/08/2008 18:15
-1,28/08/2008 18:25
-1,28/08/2008 18:47
-1,28/08/2008 18:57
-1,28/08/2008 20:20
1,28/08/2008 20:39
-1,28/08/2008 21:03
-1,28/08/2008 21:52
-1,28/08/2008 22:57
-1,28/08/2008 23:40
-1,28/08/2008 23:42
-1,29/08/2008 00:49
-1,29/08/2008 01:06
-1,29/08/2008 02:38
-1,29/08/2008 02:39
-1,29/08/2008 03:27
-1,29/08/2008 03:33
-1,29/08/2008 03:46
1,29/08/2008 04:55
-1,29/08/2008 04:56
-1,29/08/2008 05:16
-1,29/08/2008 05:54
-1,29/08/2008 05:54
-1,29/08/2008 05:57
-1,29/08/2008 05:57
-1,29/08/2008 06:35
-1,29/08/2008 06:37
-1,29/08/2008 06:40
1,29/08/2008 06:45
-1,29/08/2008 06:54
-1,29/08/2008 07:18
-1,29/08/2008 07:22
-1,29/08/2008 07:24
-1,29/08/2008 07:33
-1,29/08/2008 07:33
-1,29/08/2008 08:10
-1,29/08/2008 08:20
-1,29/08/2008 08:41
-1,29/08/2008 08:45
-1,29/08/2008 12:21
-1,29/08/2008 12:22
-1,29/08/2008 12:37
-1,29/08/2008 13:04
-1,29/08/2008 13:14
-1,29/08/2008 13:27
-1,29/08/2008 13:49
-1,29/08/2008 14:11
-1,29/08/2008 14:18
-1,29/08/2008 14:30
-1,29/08/2008 15:01
-1,29/08/2008 15:43
-1,29/08/2008 16:26
-1,29/08/2008 20:21
-1,29/08/2008 20:49
-1,29/08/2008 21:25
-1,29/08/2008 21:46
-1,29/08/2008 21:54
-1,29/08/2008 22:11
-1,29/08/2008 22:45
-1,29/08/2008 22:49
-1,29/08/2008 22:56
-1,30/08/2008 00:01
-1,30/08/2008 00:05
-1,30/08/2008 00:57
-1,30/08/2008 01:29
-1,30/08/2008 02:08
-1,30/08/2008 02:22
-1,30/08/2008 02:32
-1,30/08/2008 02:39
-1,30/08/2008 02:50
-1,30/08/2008 03:10
-1,30/08/2008 04:20
-1,30/08/2008 04:24
-1,30/08/2008 04:55
-1,30/08/2008 05:05
-1,30/08/2008 05:05
-1,30/08/2008 05:38
-1,30/08/2008 05:51
-1,30/08/2008 07:50
-1,30/08/2008 07:54
-1,30/08/2008 08:10
-1,30/08/2008 08:29
-1,30/08/2008 08:42
-1,30/08/2008 08:53
-1,30/08/2008 09:13
-1,30/08/2008 09:37
1,30/08/2008 09:45
-1,30/08/2008 10:15
-1,30/08/2008 10:16
-1,30/08/2008 11:12
-1,30/08/2008 11:14
-1,30/08/2008 11:18
-1,30/08/2008 11:57
1,30/08/2008 14:10
-1,30/08/2008 14:23
-1,30/08/2008 14:37
-1,30/08/2008 15:06
-1,30/08/2008 15:16
-1,30/08/2008 15:37
-1,30/08/2008 15:50
-1,30/08/2008 15:57
-1,30/08/2008 16:24
-1,30/08/2008 17:05
-1,30/08/2008 17:49
-1,30/08/2008 19:21
-1,30/08/2008 19:27
-1,30/08/2008 20:11
-1,30/08/2008 20:53
-1,30/08/2008 21:53
-1,30/08/2008 23:51
-1,31/08/2008 02:57
1,31/08/2008 04:46
-1,31/08/2008 05:05
-1,31/08/2008 09:11
-1,31/08/2008 10:36
1,31/08/2008 10:59
-1,31/08/2008 10:59
-1,31/08/2008 11:03
-1,31/08/2008 15:09
-1,31/08/2008 15:13
-1,31/08/2008 16:32
-1,31/08/2008 20:24
-1,31/08/2008 21:04
-1,31/08/2008 21:46
-1,31/08/2008 21:58
-1,31/08/2008 22:32
-1,31/08/2008 22:48
-1,31/08/2008 22:57
-1,01/09/2008 00:01
-1,01/09/2008 00:39
-1,01/09/2008 00:45
-1,01/09/2008 00:53
-1,01/09/2008 05:29
-1,01/09/2008 05:32
-1,01/09/2008 06:12
-1,01/09/2008 06:21
-1,01/09/2008 06:52
-1,01/09/2008 08:18
-1,01/09/2008 09:06
-1,01/09/2008 09:19
-1,01/09/2008 09:54
-1,01/09/2008 10:57
-1,01/09/2008 11:40
-1,01/09/2008 16:20
1,01/09/2008 19:54
-1,01/09/2008 20:51
-1,01/09/2008 22:05
-1,01/09/2008 23:05
-1,01/09/2008 23:19
-1,01/09/2008 23:24
-1,01/09/2008 23:28
-1,01/09/2008 23:39
-1,01/09/2008 23:45
-1,01/09/2008 23:59
-1,02/09/2008 00:26
-1,02/09/2008 00:31
-1,02/09/2008 00:46
-1,02/09/2008 01:09
-1,02/09/2008 01:10
-1,02/09/2008 01:10
-1,02/09/2008 01:36
-1,02/09/2008 01:50
-1,02/09/2008 02:02
-1,02/09/2008 02:11
-1,02/09/2008 02:50
-1,02/09/2008 02:52
-1,02/09/2008 03:33
-1,02/09/2008 03:35
-1,02/09/2008 03:35
-1,02/09/2008 04:19
-1,02/09/2008 04:22
-1,02/09/2008 05:46
-1,02/09/2008 06:03
-1,02/09/2008 06:19
-1,02/09/2008 06:32
-1,02/09/2008 06:48
-1,02/09/2008 07:22
-1,02/09/2008 07:32
-1,02/09/2008 08:15
-1,02/09/2008 08:54
-1,02/09/2008 09:36
-1,02/09/2008 09:37
-1,02/09/2008 10:13
-1,02/09/2008 10:21
-1,02/09/2008 10:25
-1,02/09/2008 10:33
-1,02/09/2008 11:08
-1,02/09/2008 11:22
-1,02/09/2008 11:47
-1,02/09/2008 11:49
-1,02/09/2008 12:01
-1,02/09/2008 12:17
-1,02/09/2008 12:26
-1,02/09/2008 12:30
-1,02/09/2008 12:44
-1,02/09/2008 13:05
-1,02/09/2008 13:08
-1,02/09/2008 13:27
-1,02/09/2008 13:40
-1,02/09/2008 14:09
-1,02/09/2008 14:21
-1,02/09/2008 14:34
-1,02/09/2008 15:29
-1,02/09/2008 16:10
-1,02/09/2008 16:50
-1,02/09/2008 16:54
-1,02/09/2008 16:58
-1,02/09/2008 17:10
-1,02/09/2008 17:18
-1,02/09/2008 18:38
-1,02/09/2008 18:52
-1,02/09/2008 19:18
-1,02/09/2008 20:18
-1,02/09/2008 20:52
-1,02/09/2008 20:58
-1,02/09/2008 20:59
-1,03/09/2008 00:18
-1,03/09/2008 00:45
-1,03/09/2008 00:58
1,03/09/2008 01:15
-1,03/09/2008 01:32
-1,03/09/2008 04:18
-1,03/09/2008 06:26
-1,03/09/2008 09:38
-1,03/09/2008 14:24
-1,03/09/2008 14:29
-1,03/09/2008 17:22
-1,03/09/2008 18:16
-1,03/09/2008 18:16
-1,03/09/2008 20:00
-1,03/09/2008 20:10
-1,04/09/2008 08:01
-1,04/09/2008 08:22
-1,04/09/2008 08:33
-1,04/09/2008 08:41
-1,04/09/2008 08:53
-1,04/09/2008 11:50
-1,04/09/2008 14:09
-1,04/09/2008 14:11
-1,04/09/2008 14:48
-1,04/09/2008 16:30
-1,04/09/2008 16:41
-1,04/09/2008 16:56
-1,04/09/2008 17:30
-1,05/09/2008 15:30
-1,05/09/2008 21:48
-1,07/09/2008 00:08
-1,07/09/2008 00:12
-1,07/09/2008 00:49
-1,07/09/2008 10:52
-1,07/09/2008 12:04
-1,07/09/2008 12:20
-1,07/09/2008 13:02
-1,07/09/2008 18:02
-1,07/09/2008 18:24
-1,07/09/2008 18:49
-1,07/09/2008 19:29
-1,07/09/2008 19:31
-1,07/09/2008 20:12
-1,07/09/2008 20:50
-1,07/09/2008 23:33
-1,08/09/2008 00:32
-1,08/09/2008 00:40
-1,08/09/2008 01:24
-1,08/09/2008 03:32
-1,08/09/2008 03:48
-1,08/09/2008 04:21
-1,08/09/2008 06:37
-1,08/09/2008 07:14
-1,08/09/2008 07:41
-1,08/09/2008 18:46
-1,08/09/2008 19:14
-1,08/09/2008 19:15
-1,08/09/2008 19:25
-1,08/09/2008 19:33
-1,08/09/2008 20:00
-1,08/09/2008 21:36
-1,08/09/2008 21:53
-1,08/09/2008 22:17
-1,09/09/2008 00:25
-1,09/09/2008 03:53
-1,09/09/2008 08:44
-1,10/09/2008 07:26
-1,10/09/2008 09:21
-1,10/09/2008 20:52
-1,10/09/2008 20:53
-1,10/09/2008 21:56
-1,10/09/2008 23:30
-1,10/09/2008 23:43
-1,11/09/2008 00:17
-1,11/09/2008 05:20
-1,11/09/2008 06:04
-1,11/09/2008 07:43
-1,11/09/2008 08:06
-1,11/09/2008 08:58
-1,11/09/2008 09:24
-1,11/09/2008 12:47
-1,11/09/2008 13:36
-1,11/09/2008 14:20
-1,11/09/2008 14:24
-1,11/09/2008 14:31
-1,11/09/2008 15:05
-1,11/09/2008 15:08
-1,11/09/2008 16:28
-1,11/09/2008 21:13
1,11/09/2008 22:07
-1,11/09/2008 23:10
1,11/09/2008 23:48
-1,12/09/2008 05:11
-1,12/09/2008 05:55
-1,12/09/2008 06:38
-1,12/09/2008 06:41
-1,12/09/2008 06:45
-1,12/09/2008 07:21
-1,12/09/2008 07:29
-1,12/09/2008 07:38
-1,12/09/2008 11:57
-1,12/09/2008 13:08
-1,12/09/2008 14:52
-1,12/09/2008 15:40
-1,12/09/2008 16:23
-1,12/09/2008 18:01
-1,12/09/2008 18:52
-1,12/09/2008 19:36
-1,12/09/2008 20:28
-1,12/09/2008 21:12
-1,12/09/2008 22:25
-1,12/09/2008 22:45
-1,12/09/2008 23:28
-1,12/09/2008 23:40
-1,13/09/2008 00:25
-1,13/09/2008 02:57
-1,13/09/2008 03:14
-1,13/09/2008 09:19
-1,13/09/2008 10:55
-1,13/09/2008 11:42
1,13/09/2008 11:56
-1,13/09/2008 12:48
-1,13/09/2008 14:07
-1,13/09/2008 16:04
-1,13/09/2008 16:04
1,13/09/2008 20:06
-1,14/09/2008 02:50
-1,14/09/2008 02:59
-1,14/09/2008 15:02
-1,14/09/2008 15:46
-1,14/09/2008 16:34
-1,14/09/2008 17:40
-1,14/09/2008 18:27
-1,14/09/2008 18:27
-1,14/09/2008 19:13
-1,14/09/2008 20:00
-1,14/09/2008 20:43
-1,14/09/2008 20:45
-1,14/09/2008 21:31
-1,14/09/2008 23:00
-1,15/09/2008 02:04
-1,15/09/2008 10:03
-1,15/09/2008 11:40
-1,15/09/2008 12:27
-1,15/09/2008 16:10
-1,15/09/2008 16:59
-1,15/09/2008 19:54
-1,15/09/2008 21:56
-1,15/09/2008 22:13
-1,15/09/2008 22:45
-1,15/09/2008 22:54
-1,15/09/2008 23:37
-1,16/09/2008 07:39
-1,16/09/2008 07:48
-1,16/09/2008 08:50
-1,16/09/2008 08:52
-1,16/09/2008 09:37
-1,16/09/2008 17:07
-1,16/09/2008 18:09
-1,16/09/2008 18:23
-1,16/09/2008 19:34
-1,16/09/2008 19:45
-1,16/09/2008 21:21
-1,16/09/2008 22:45
-1,17/09/2008 02:01
1,17/09/2008 04:23
-1,17/09/2008 07:14
-1,17/09/2008 07:28
-1,17/09/2008 21:52
-1,18/09/2008 00:57
-1,18/09/2008 01:40
-1,18/09/2008 01:43
-1,18/09/2008 02:01
-1,18/09/2008 03:58
-1,18/09/2008 03:58
-1,18/09/2008 05:44
-1,18/09/2008 05:58
-1,18/09/2008 08:04
-1,18/09/2008 10:48
-1,18/09/2008 13:48
-1,18/09/2008 17:22
-1,18/09/2008 18:12
-1,18/09/2008 18:56
-1,18/09/2008 21:12
-1,18/09/2008 21:56
-1,18/09/2008 23:00
-1,18/09/2008 23:05
-1,18/09/2008 23:44
-1,19/09/2008 00:30
-1,19/09/2008 01:57
-1,19/09/2008 02:44
-1,19/09/2008 04:42
-1,19/09/2008 05:33
-1,19/09/2008 05:57
-1,19/09/2008 06:01
-1,19/09/2008 06:44
-1,19/09/2008 07:14
-1,19/09/2008 07:18
-1,19/09/2008 08:08
-1,19/09/2008 08:52
-1,19/09/2008 09:12
-1,19/09/2008 09:47
-1,19/09/2008 10:45
-1,19/09/2008 11:13
-1,19/09/2008 11:54
-1,19/09/2008 13:59
-1,19/09/2008 15:31
-1,19/09/2008 16:40
1,19/09/2008 16:58
-1,19/09/2008 17:47
-1,19/09/2008 18:11
-1,19/09/2008 18:33
-1,19/09/2008 19:18
-1,19/09/2008 19:29
-1,19/09/2008 20:05
-1,19/09/2008 20:07
-1,19/09/2008 20:10
-1,19/09/2008 20:17
1,19/09/2008 20:19
-1,19/09/2008 21:08
1,19/09/2008 21:09
-1,19/09/2008 21:13
-1,19/09/2008 21:14
1,19/09/2008 21:59
-1,19/09/2008 23:26
-1,19/09/2008 23:33
-1,20/09/2008 00:18
-1,20/09/2008 00:33
-1,20/09/2008 03:58
-1,20/09/2008 04:13
-1,20/09/2008 04:28
-1,20/09/2008 05:22
-1,20/09/2008 05:25
-1,20/09/2008 05:34
-1,20/09/2008 06:08
-1,20/09/2008 07:21
-1,20/09/2008 08:14
-1,20/09/2008 10:51
-1,20/09/2008 11:18
-1,20/09/2008 12:20
-1,20/09/2008 12:26
-1,20/09/2008 12:27
-1,20/09/2008 12:36
-1,20/09/2008 12:57
-1,20/09/2008 14:00
-1,20/09/2008 14:06
-1,20/09/2008 14:42
-1,20/09/2008 14:50
-1,20/09/2008 14:53
-1,20/09/2008 15:02
-1,20/09/2008 15:19
-1,20/09/2008 15:37
-1,20/09/2008 15:46
-1,20/09/2008 16:43
-1,20/09/2008 16:44
-1,20/09/2008 17:26
-1,20/09/2008 17:29
-1,20/09/2008 18:03
-1,20/09/2008 18:21
-1,20/09/2008 18:56
-1,20/09/2008 19:14
-1,20/09/2008 19:21
-1,20/09/2008 23:34
-1,21/09/2008 00:48
-1,21/09/2008 01:06
-1,21/09/2008 02:07
-1,21/09/2008 03:04
-1,21/09/2008 03:47
-1,21/09/2008 04:17
-1,21/09/2008 04:49
-1,21/09/2008 07:30
-1,21/09/2008 07:55
-1,21/09/2008 08:22
-1,21/09/2008 08:49
-1,21/09/2008 09:16
-1,21/09/2008 09:31
-1,21/09/2008 10:07
-1,21/09/2008 10:49
-1,21/09/2008 11:33
-1,21/09/2008 12:04
-1,21/09/2008 14:30
-1,21/09/2008 14:31
-1,21/09/2008 14:33
-1,21/09/2008 15:15
-1,21/09/2008 15:26
-1,21/09/2008 15:34
-1,21/09/2008 16:43
-1,21/09/2008 17:26
-1,21/09/2008 17:30
-1,21/09/2008 18:12
-1,21/09/2008 19:19
-1,21/09/2008 20:35
-1,21/09/2008 21:54
-1,21/09/2008 22:02
-1,22/09/2008 00:12
-1,22/09/2008 00:28
-1,22/09/2008 00:47
-1,22/09/2008 01:43
-1,22/09/2008 03:51
-1,22/09/2008 06:05
-1,22/09/2008 07:12
-1,22/09/2008 10:43
-1,22/09/2008 11:50
-1,22/09/2008 12:11
-1,22/09/2008 12:45
-1,22/09/2008 13:03
-1,22/09/2008 14:24
-1,22/09/2008 14:27
-1,22/09/2008 14:36
-1,22/09/2008 16:25
-1,22/09/2008 21:30
-1,22/09/2008 21:31
-1,22/09/2008 22:15
-1,22/09/2008 22:17
-1,22/09/2008 23:01
-1,22/09/2008 23:10
-1,23/09/2008 00:57
-1,23/09/2008 06:44
-1,23/09/2008 06:44
-1,23/09/2008 06:52
-1,23/09/2008 07:58
-1,23/09/2008 08:11
-1,23/09/2008 09:43
1,23/09/2008 11:14
-1,23/09/2008 11:42
-1,23/09/2008 11:43
-1,23/09/2008 12:29
-1,23/09/2008 12:31
-1,23/09/2008 12:46
-1,23/09/2008 13:37
-1,23/09/2008 15:23
-1,23/09/2008 15:33
-1,23/09/2008 15:58
-1,23/09/2008 18:10
-1,23/09/2008 18:36
-1,23/09/2008 18:56
-1,23/09/2008 20:18
-1,23/09/2008 20:59
-1,23/09/2008 21:26
-1,23/09/2008 22:25
-1,24/09/2008 02:19
-1,24/09/2008 02:44
-1,24/09/2008 03:32
-1,24/09/2008 03:40
-1,24/09/2008 05:13
-1,24/09/2008 05:22
-1,24/09/2008 06:13
-1,24/09/2008 06:14
-1,24/09/2008 07:23
-1,24/09/2008 10:10
-1,24/09/2008 10:53
-1,24/09/2008 10:59
-1,24/09/2008 11:47
-1,24/09/2008 12:04
-1,24/09/2008 12:35
-1,24/09/2008 13:01
1,24/09/2008 15:05
-1,24/09/2008 15:39
-1,24/09/2008 15:42
-1,24/09/2008 15:43
-1,24/09/2008 16:26
-1,24/09/2008 17:54
-1,24/09/2008 18:05
-1,25/09/2008 01:05
-1,25/09/2008 02:03
-1,25/09/2008 06:21
-1,25/09/2008 07:12
-1,25/09/2008 07:58
-1,25/09/2008 08:45
-1,25/09/2008 09:31
-1,25/09/2008 10:23
-1,25/09/2008 11:08
-1,25/09/2008 11:09
-1,25/09/2008 11:55
-1,25/09/2008 13:42
-1,25/09/2008 14:08
-1,25/09/2008 14:28
-1,25/09/2008 15:12
-1,25/09/2008 15:40
-1,25/09/2008 15:55
-1,25/09/2008 16:44
-1,25/09/2008 17:28
-1,25/09/2008 17:29
-1,25/09/2008 19:49
-1,25/09/2008 22:05
-1,25/09/2008 23:04
-1,25/09/2008 23:48
-1,26/09/2008 00:19
-1,26/09/2008 01:21
-1,26/09/2008 02:26
-1,26/09/2008 03:12
-1,26/09/2008 03:29
-1,26/09/2008 04:14
-1,26/09/2008 05:32
-1,26/09/2008 11:08
-1,26/09/2008 13:36
-1,26/09/2008 13:45
-1,26/09/2008 14:20
-1,26/09/2008 14:51
-1,26/09/2008 15:06
-1,26/09/2008 15:36
-1,26/09/2008 15:49
-1,26/09/2008 16:31
-1,26/09/2008 17:59
-1,26/09/2008 18:54
-1,26/09/2008 19:38
-1,26/09/2008 19:45
-1,26/09/2008 19:55
-1,26/09/2008 20:23
-1,26/09/2008 20:31
-1,27/09/2008 00:16
-1,27/09/2008 00:17
-1,27/09/2008 01:29
-1,27/09/2008 03:53
-1,27/09/2008 10:10
-1,27/09/2008 10:13
-1,27/09/2008 11:04
-1,27/09/2008 11:45
-1,27/09/2008 11:54
-1,27/09/2008 12:26
-1,27/09/2008 12:28
-1,27/09/2008 12:36
-1,27/09/2008 13:14
-1,27/09/2008 13:19
-1,27/09/2008 14:01
-1,27/09/2008 14:05
-1,27/09/2008 14:46
-1,27/09/2008 15:09
-1,27/09/2008 15:30
-1,27/09/2008 16:13
-1,27/09/2008 17:26
-1,27/09/2008 18:14
-1,27/09/2008 19:16
-1,27/09/2008 20:46
-1,27/09/2008 21:45
-1,28/09/2008 00:51
-1,28/09/2008 01:22
-1,28/09/2008 03:55
1,28/09/2008 04:45
-1,28/09/2008 05:31
-1,28/09/2008 06:22
-1,28/09/2008 07:38
-1,28/09/2008 07:52
-1,28/09/2008 08:40
-1,28/09/2008 08:41
1,28/09/2008 09:50
-1,28/09/2008 17:05
-1,28/09/2008 17:06
-1,28/09/2008 17:49
-1,28/09/2008 17:55
-1,28/09/2008 18:34
-1,28/09/2008 18:43
-1,28/09/2008 19:18
-1,28/09/2008 19:29
-1,28/09/2008 20:02
-1,28/09/2008 20:42
-1,28/09/2008 21:08
-1,28/09/2008 21:27
-1,28/09/2008 22:44
-1,28/09/2008 23:54
-1,29/09/2008 02:06
-1,29/09/2008 03:07
-1,29/09/2008 03:50
-1,29/09/2008 04:18
-1,29/09/2008 04:47
-1,29/09/2008 05:32
-1,29/09/2008 07:53
-1,29/09/2008 09:15
-1,29/09/2008 11:13
-1,29/09/2008 11:53
-1,29/09/2008 12:25
-1,29/09/2008 14:03
-1,29/09/2008 14:04
-1,29/09/2008 14:08
-1,29/09/2008 15:09
-1,29/09/2008 15:16
-1,29/09/2008 16:27
-1,29/09/2008 17:21
-1,29/09/2008 21:26
1,29/09/2008 21:48
-1,29/09/2008 22:13
-1,30/09/2008 01:33
-1,30/09/2008 01:36
1,30/09/2008 02:44
-1,30/09/2008 04:01
-1,30/09/2008 04:42
-1,30/09/2008 08:44
-1,30/09/2008 12:31
-1,30/09/2008 13:29
-1,30/09/2008 14:20
-1,30/09/2008 14:36
-1,30/09/2008 15:16
-1,30/09/2008 15:26
-1,30/09/2008 16:13
-1,30/09/2008 16:50
-1,30/09/2008 17:27
-1,30/09/2008 19:17
-1,30/09/2008 19:17
-1,30/09/2008 21:39
-1,30/09/2008 21:42
-1,30/09/2008 23:34
-1,30/09/2008 23:58
-1,01/10/2008 00:20
-1,01/10/2008 01:11
-1,01/10/2008 02:53
1,01/10/2008 05:56
-1,01/10/2008 07:19
-1,01/10/2008 07:28
-1,01/10/2008 08:15
-1,01/10/2008 09:15
-1,01/10/2008 09:16
-1,01/10/2008 14:22
-1,01/10/2008 15:16
-1,01/10/2008 16:43
-1,01/10/2008 19:57
-1,01/10/2008 21:15
-1,01/10/2008 21:50
-1,01/10/2008 22:47
-1,01/10/2008 23:34
-1,02/10/2008 00:21
-1,02/10/2008 00:22
1,02/10/2008 03:17
-1,02/10/2008 03:27
-1,02/10/2008 04:11
-1,02/10/2008 04:23
-1,02/10/2008 04:24
-1,02/10/2008 06:49
-1,02/10/2008 07:35
-1,02/10/2008 07:58
-1,02/10/2008 08:24
-1,02/10/2008 08:52
-1,02/10/2008 08:57
1,02/10/2008 09:10
-1,02/10/2008 09:42
-1,02/10/2008 10:03
1,02/10/2008 14:07
1,02/10/2008 14:10
-1,02/10/2008 14:54
-1,02/10/2008 15:10
-1,02/10/2008 15:44
-1,02/10/2008 15:58
-1,02/10/2008 16:32
-1,02/10/2008 16:58
-1,02/10/2008 17:00
-1,02/10/2008 17:19
-1,02/10/2008 19:21
-1,02/10/2008 19:25
-1,02/10/2008 20:54
1,02/10/2008 21:32
-1,02/10/2008 21:33
-1,02/10/2008 22:23
-1,02/10/2008 22:33
-1,02/10/2008 23:32
-1,02/10/2008 23:32
-1,03/10/2008 00:24
-1,03/10/2008 00:55
-1,03/10/2008 02:41
-1,03/10/2008 03:52
-1,03/10/2008 03:56
-1,03/10/2008 04:49
-1,03/10/2008 05:01
-1,03/10/2008 05:45
-1,03/10/2008 06:15
-1,03/10/2008 08:35
-1,03/10/2008 09:30
-1,03/10/2008 11:40
-1,03/10/2008 12:31
-1,03/10/2008 18:45
-1,03/10/2008 19:23
-1,03/10/2008 19:23
-1,03/10/2008 20:11
-1,03/10/2008 20:26
-1,03/10/2008 20:35
-1,03/10/2008 20:46
-1,03/10/2008 21:15
-1,03/10/2008 21:52
-1,03/10/2008 22:08
-1,03/10/2008 22:53
-1,03/10/2008 23:46
-1,04/10/2008 00:58
-1,04/10/2008 01:49
-1,04/10/2008 02:36
-1,04/10/2008 03:53
-1,04/10/2008 04:12
-1,04/10/2008 04:45
-1,04/10/2008 09:29
-1,04/10/2008 15:16
-1,04/10/2008 16:58
-1,04/10/2008 18:15
-1,04/10/2008 18:25
-1,04/10/2008 18:59
-1,04/10/2008 19:12
-1,04/10/2008 19:47
-1,04/10/2008 19:54
-1,04/10/2008 20:39
-1,04/10/2008 22:06
1,04/10/2008 23:18
1,05/10/2008 00:33
-1,05/10/2008 00:33
-1,05/10/2008 01:35
-1,05/10/2008 04:01
-1,05/10/2008 04:20
-1,05/10/2008 04:48
-1,05/10/2008 05:31
-1,05/10/2008 05:53
-1,05/10/2008 06:15
-1,05/10/2008 08:02
-1,05/10/2008 08:40
-1,05/10/2008 09:04
-1,05/10/2008 09:47
-1,05/10/2008 10:00
-1,05/10/2008 10:43
-1,05/10/2008 11:05
-1,05/10/2008 11:30
-1,05/10/2008 12:03
-1,05/10/2008 12:17
-1,05/10/2008 13:49
-1,05/10/2008 14:34
1,05/10/2008 15:30
1,05/10/2008 15:35
-1,05/10/2008 16:15
1,05/10/2008 16:37
1,05/10/2008 16:49
1,05/10/2008 18:46
-1,05/10/2008 18:59
-1,05/10/2008 19:45
-1,05/10/2008 20:12
-1,05/10/2008 20:30
-1,05/10/2008 22:13
-1,06/10/2008 00:41
-1,06/10/2008 01:25
-1,06/10/2008 01:27
-1,06/10/2008 01:30
-1,06/10/2008 02:44
-1,06/10/2008 02:49
-1,06/10/2008 03:31
1,06/10/2008 03:50
1,06/10/2008 03:57
-1,06/10/2008 04:26
-1,06/10/2008 05:21
-1,06/10/2008 05:24
-1,06/10/2008 06:11
-1,06/10/2008 06:26
-1,06/10/2008 06:49
-1,06/10/2008 07:12
-1,06/10/2008 07:17
-1,06/10/2008 07:35
-1,06/10/2008 07:38
-1,06/10/2008 08:24
-1,06/10/2008 08:57
-1,06/10/2008 09:11
-1,06/10/2008 09:57
-1,06/10/2008 10:07
-1,06/10/2008 11:51
-1,06/10/2008 12:39
-1,06/10/2008 12:42
-1,06/10/2008 13:08
1,06/10/2008 13:38
1,06/10/2008 13:55
1,06/10/2008 15:00
-1,06/10/2008 15:01
-1,06/10/2008 15:52
-1,06/10/2008 16:42
-1,06/10/2008 16:50
-1,06/10/2008 17:26
-1,06/10/2008 17:26
-1,06/10/2008 17:35
-1,06/10/2008 18:54
-1,06/10/2008 18:55
-1,06/10/2008 19:42
-1,06/10/2008 20:02
-1,06/10/2008 20:36
-1,06/10/2008 20:47
-1,06/10/2008 21:46
-1,06/10/2008 21:48
-1,06/10/2008 22:37
-1,06/10/2008 23:03
-1,07/10/2008 01:46
-1,07/10/2008 03:29
-1,07/10/2008 03:39
-1,07/10/2008 07:32
-1,07/10/2008 07:41
-1,07/10/2008 08:25
-1,07/10/2008 08:26
-1,07/10/2008 09:11
-1,07/10/2008 09:20
-1,07/10/2008 09:59
-1,07/10/2008 10:04
-1,07/10/2008 10:10
-1,07/10/2008 10:51
-1,07/10/2008 11:15
-1,07/10/2008 11:16
-1,07/10/2008 11:36
-1,07/10/2008 12:40
1,07/10/2008 13:10
-1,07/10/2008 13:48
-1,07/10/2008 14:35
-1,07/10/2008 16:32
-1,07/10/2008 17:06
-1,07/10/2008 17:28
-1,07/10/2008 18:39
-1,07/10/2008 19:24
-1,07/10/2008 20:19
-1,07/10/2008 20:39
-1,07/10/2008 20:48
-1,08/10/2008 04:47
-1,08/10/2008 05:35
-1,08/10/2008 05:38
-1,08/10/2008 06:25
-1,08/10/2008 07:10
-1,08/10/2008 07:13
-1,08/10/2008 07:16
-1,08/10/2008 09:01
-1,08/10/2008 09:06
-1,08/10/2008 10:37
-1,08/10/2008 12:11
-1,08/10/2008 13:35
-1,08/10/2008 13:38
-1,08/10/2008 14:48
-1,08/10/2008 15:37
-1,08/10/2008 16:26
-1,08/10/2008 17:14
-1,08/10/2008 17:31
-1,08/10/2008 17:41
-1,08/10/2008 18:22
-1,08/10/2008 20:27
-1,08/10/2008 21:19
-1,08/10/2008 21:45
-1,08/10/2008 22:08
-1,08/10/2008 23:13
-1,08/10/2008 23:50
-1,09/10/2008 00:23
1,09/10/2008 04:34
-1,09/10/2008 06:06
-1,09/10/2008 07:38
-1,09/10/2008 14:15
-1,09/10/2008 15:04
1,09/10/2008 15:55
-1,09/10/2008 15:56
-1,10/10/2008 10:05
-1,10/10/2008 10:46
-1,10/10/2008 10:53
-1,10/10/2008 12:30
-1,10/10/2008 15:33
-1,10/10/2008 15:50
-1,10/10/2008 20:02
-1,10/10/2008 21:03
-1,10/10/2008 21:07
-1,10/10/2008 21:16
-1,11/10/2008 02:55
-1,11/10/2008 06:56
-1,11/10/2008 07:38
-1,11/10/2008 07:39
-1,11/10/2008 07:42
-1,11/10/2008 08:27
-1,11/10/2008 14:43
-1,11/10/2008 15:33
-1,11/10/2008 16:25
-1,11/10/2008 23:16
-1,11/10/2008 23:58
-1,12/10/2008 00:57
-1,12/10/2008 01:50
-1,12/10/2008 02:59
-1,12/10/2008 03:21
-1,12/10/2008 03:28
-1,12/10/2008 08:19
-1,12/10/2008 18:47
-1,13/10/2008 03:34
-1,13/10/2008 03:53
-1,13/10/2008 11:27
-1,13/10/2008 12:18
-1,13/10/2008 14:06
-1,13/10/2008 14:29
-1,13/10/2008 14:30
-1,13/10/2008 14:55
-1,13/10/2008 15:42
-1,13/10/2008 15:42
-1,13/10/2008 16:13
-1,13/10/2008 19:17
-1,13/10/2008 19:36
-1,13/10/2008 19:40
-1,13/10/2008 20:10
-1,13/10/2008 20:30
-1,13/10/2008 20:53
-1,13/10/2008 21:20
-1,13/10/2008 21:47
-1,13/10/2008 21:57
-1,13/10/2008 22:48
-1,13/10/2008 22:54
-1,14/10/2008 00:35
-1,14/10/2008 03:21
-1,14/10/2008 03:28
-1,14/10/2008 03:35
-1,14/10/2008 13:13
-1,14/10/2008 13:16
-1,14/10/2008 14:07
-1,14/10/2008 14:15
-1,14/10/2008 14:43
-1,14/10/2008 17:36
-1,14/10/2008 19:15
-1,14/10/2008 20:01
-1,14/10/2008 20:30
-1,14/10/2008 20:48
-1,14/10/2008 21:36
-1,14/10/2008 23:07
-1,15/10/2008 00:03
-1,15/10/2008 00:27
-1,15/10/2008 00:47
-1,15/10/2008 01:52
-1,15/10/2008 01:52
-1,15/10/2008 01:52
-1,15/10/2008 02:40
-1,15/10/2008 02:40
1,15/10/2008 02:42
-1,15/10/2008 03:24
-1,15/10/2008 04:08
-1,15/10/2008 05:13
-1,15/10/2008 05:16
-1,15/10/2008 06:49
-1,15/10/2008 07:36
-1,15/10/2008 07:55
-1,15/10/2008 08:21
-1,15/10/2008 09:11
-1,15/10/2008 10:00
-1,15/10/2008 12:53
-1,15/10/2008 13:14
-1,15/10/2008 13:16
-1,15/10/2008 14:08
-1,15/10/2008 15:11
-1,15/10/2008 16:24
-1,15/10/2008 17:19
-1,15/10/2008 18:16
-1,15/10/2008 19:15
-1,15/10/2008 19:24
-1,15/10/2008 21:44
-1,15/10/2008 22:45
-1,15/10/2008 22:54
-1,15/10/2008 23:00
-1,15/10/2008 23:45
-1,16/10/2008 02:16
-1,16/10/2008 02:16
-1,16/10/2008 02:17
-1,16/10/2008 02:22
-1,16/10/2008 02:55
-1,16/10/2008 03:56
-1,16/10/2008 04:02
-1,16/10/2008 04:02
-1,16/10/2008 04:04
-1,16/10/2008 04:47
-1,16/10/2008 04:50
-1,16/10/2008 04:54
-1,16/10/2008 05:08
-1,16/10/2008 05:13
-1,16/10/2008 05:44
-1,16/10/2008 05:58
-1,16/10/2008 15:02
-1,16/10/2008 15:13
-1,16/10/2008 20:49
-1,17/10/2008 05:26
-1,17/10/2008 06:01
-1,17/10/2008 06:07